--
-- PostgreSQL database dump
--

-- Dumped from database version 9.2.24
-- Dumped by pg_dump version 9.2.24
-- Started on 2018-07-25 13:23:49

SET statement_timeout = 0;
SET client_encoding = 'UTF8';
SET standard_conforming_strings = on;
SET check_function_bodies = false;
SET client_min_messages = warning;

SET search_path = public, pg_catalog;

--
-- TOC entry 1951 (class 0 OID 18858)
-- Dependencies: 170
-- Data for Name: categories; Type: TABLE DATA; Schema: public; Owner: postgres
--

COPY categories (id, name) FROM stdin;
1	часы                          
2	кольца                        
3	серьги                        
4	подвески                      
5	наборы                        
\.


--
-- TOC entry 1970 (class 0 OID 0)
-- Dependencies: 169
-- Name: categories_id_seq; Type: SEQUENCE SET; Schema: public; Owner: postgres
--

SELECT pg_catalog.setval('categories_id_seq', 5, true);


--
-- TOC entry 1955 (class 0 OID 18874)
-- Dependencies: 174
-- Data for Name: decorations; Type: TABLE DATA; Schema: public; Owner: postgres
--

COPY decorations (id, name) FROM stdin;
1	бриллиант                     
2	жемчуг                        
3	фианит                        
4	аметист                       
5	без вставки                   
\.


--
-- TOC entry 1971 (class 0 OID 0)
-- Dependencies: 173
-- Name: decorations_id_seq; Type: SEQUENCE SET; Schema: public; Owner: postgres
--

SELECT pg_catalog.setval('decorations_id_seq', 5, true);


--
-- TOC entry 1957 (class 0 OID 18882)
-- Dependencies: 176
-- Data for Name: items; Type: TABLE DATA; Schema: public; Owner: postgres
--

COPY items (id, name, price, description, material, category, decoration) FROM stdin;
1	Золотой крестик                                   	4000	Коллекция: Православие; Минимальный вес изделия: 3,02 г                                             	1	4	3
2	Подвеска "Стрекоза"                               	3000	Коллекция: Насекомые; Минимальный вес изделия: 2,02 г                                               	4	4	2
3	Элегантное кольцо                                 	12000	Коллекция: Леди; Минимальный вес изделия: 2,1 г                                                     	3	2	1
4	Кольцо SOKOLOV                                    	2800	Коллекция: SOKOLOV; Минимальный вес изделия: 1,02 г                                                 	1	2	3
5	Серьги-гвоздики                                   	5100	Коллекция: Fashion; Минимальный вес изделия: 2,2 г                                                  	2	3	4
6	Мужские часы                                      	20000	Коллекция: Smart; Минимальный вес изделия: 40,6 г                                                   	4	1	3
7	Набор "Очарование"                                	17000	Коллекция: Dream; Минимальный вес изделия: 6,88 г                                                   	1	5	2
8	Женские часы                                      	28000	Коллекция: Smart; Минимальный вес изделия: 38,02 г                                                  	2	1	5
9	Подвеска "Капелька"                               	3000	Коллекция: Вода; Минимальный вес изделия: 1,02 г                                                    	2	4	3
\.


--
-- TOC entry 1972 (class 0 OID 0)
-- Dependencies: 175
-- Name: items_id_seq; Type: SEQUENCE SET; Schema: public; Owner: postgres
--

SELECT pg_catalog.setval('items_id_seq', 10, true);


--
-- TOC entry 1953 (class 0 OID 18866)
-- Dependencies: 172
-- Data for Name: materials; Type: TABLE DATA; Schema: public; Owner: postgres
--

COPY materials (id, name) FROM stdin;
1	розовое золото                
2	желтое золото                 
3	белое золото                  
4	серебро                       
\.


--
-- TOC entry 1973 (class 0 OID 0)
-- Dependencies: 171
-- Name: materials_id_seq; Type: SEQUENCE SET; Schema: public; Owner: postgres
--

SELECT pg_catalog.setval('materials_id_seq', 4, true);


-- Completed on 2018-07-25 13:23:50

--
-- PostgreSQL database dump complete
--

